{"cameraMode":{"drawMode":0,"name":"Shaded","section":"Shading Mode"},"sceneLighting":true,"audioPlay":false,"sceneViewState":{"showFog":true,"showMaterialUpdate":false,"showSkybox":true,"showFlares":true,"showImageEffects":true,"showParticleSystems":true},"in2DMode":false,"pivot":{"x":2.19785737991333,"y":0.3541836738586426,"z":-4.192676067352295},"rotation":{"x":-0.12382902950048447,"y":-0.6639606952667236,"z":0.11281856894493103,"w":-0.7287623882293701},"size":6.327576637268066,"orthographic":false}