{"cameraMode":{"drawMode":0,"name":"Shaded","section":"Shading Mode"},"sceneLighting":false,"audioPlay":false,"sceneViewState":{"showFog":true,"showMaterialUpdate":false,"showSkybox":false,"showFlares":true,"showImageEffects":true,"showParticleSystems":true},"in2DMode":false,"pivot":{"x":165.64999389648438,"y":0.0,"z":-2.049999952316284},"rotation":{"x":-0.022181358188390733,"y":-0.23268814384937287,"z":0.005308561958372593,"w":-0.9722839593887329},"size":525.9751586914063,"orthographic":false}