{"cameraMode":{"drawMode":0,"name":"Shaded","section":"Shading Mode"},"sceneLighting":true,"audioPlay":false,"sceneViewState":{"showFog":true,"showMaterialUpdate":false,"showSkybox":true,"showFlares":true,"showImageEffects":true,"showParticleSystems":true},"in2DMode":false,"pivot":{"x":6.029043674468994,"y":8.383283615112305,"z":-20.433155059814454},"rotation":{"x":-0.24102133512496949,"y":-0.23111608624458314,"z":0.05921389162540436,"w":-0.9407379031181336},"size":9.016402244567871,"orthographic":false}